night,bedtime,waketime,tib_min,tst_min,rhr,hrv_rmssd,spo2,resp_rate,steps,active_kcal,subjective
2025-06-01,2025-06-02 02:21:00,2025-06-02 10:34:00,492.4,396.1,66.4,39.9,96.0,14.3,11070,496,2
2025-06-02,2025-06-02 23:36:00,2025-06-03 03:12:00,220.0,183.3,63.8,35.5,96.2,14.1,11472,384,1
2025-06-03,2025-06-03 23:00:00,2025-06-04 02:36:00,220.0,184.4,63.4,33.3,96.6,14.2,12379,455,1
2025-06-04,2025-06-04 22:49:00,2025-06-05 02:25:00,220.0,184.2,64.1,44.6,95.6,14.1,7962,289,1
2025-06-05,2025-06-05 22:40:00,2025-06-06 02:16:00,220.0,179.5,65.5,39.0,95.9,14.8,7017,344,1
2025-06-06,2025-06-06 22:42:00,2025-06-07 02:18:00,220.0,176.1,67.0,46.9,97.2,15.4,9788,435,1
2025-06-07,2025-06-08 00:05:00,2025-06-08 07:34:00,448.9,411.4,62.8,54.9,96.0,14.4,8261,336,3
2025-06-08,2025-06-08 23:24:00,2025-06-09 07:57:00,513.0,486.5,58.3,51.1,96.6,14.9,13711,606,4
2025-06-09,2025-06-09 23:09:00,2025-06-10 02:45:00,220.0,192.7,58.5,56.6,95.8,15.6,7096,223,1
2025-06-10,2025-06-10 22:59:00,2025-06-11 02:35:00,220.0,191.3,64.0,47.7,96.5,14.5,6739,283,1
2025-06-11,2025-06-11 22:38:00,2025-06-12 02:14:00,220.0,173.9,71.1,37.7,97.2,13.8,10517,443,1
2025-06-12,2025-06-12 22:33:00,2025-06-13 02:09:00,220.0,187.2,67.1,50.5,96.8,13.8,5594,217,1
2025-06-13,2025-06-13 23:02:00,2025-06-14 02:38:00,220.0,185.0,64.6,44.2,96.7,15.7,11086,470,1
2025-06-14,2025-06-14 23:16:00,2025-06-15 07:12:00,476.7,440.6,61.0,53.0,97.4,16.0,9816,360,4
2025-06-15,2025-06-16 01:38:00,2025-06-16 10:19:00,520.4,462.7,65.2,52.9,96.8,15.0,18255,721,3
2025-06-17,2025-06-17 22:42:00,2025-06-18 02:18:00,220.0,177.3,67.6,48.8,96.4,13.8,7741,336,1
2025-06-18,2025-06-18 22:42:00,2025-06-19 02:18:00,220.0,181.5,66.4,43.9,97.5,15.6,7901,253,1
2025-06-19,2025-06-19 22:52:00,2025-06-20 02:28:00,220.0,193.4,64.8,51.4,97.1,13.8,12097,541,2
2025-06-20,2025-06-20 23:05:00,2025-06-21 02:41:00,220.0,178.4,62.4,39.2,96.9,14.2,9803,428,1
2025-06-21,2025-06-22 01:14:00,2025-06-22 09:16:00,482.8,396.2,67.5,51.2,97.2,15.0,10498,381,2
2025-06-22,2025-06-22 23:21:00,2025-06-23 07:59:00,518.0,499.5,57.3,54.0,96.6,14.7,13899,619,5
2025-06-23,2025-06-23 22:32:00,2025-06-24 02:08:00,220.0,179.6,61.8,54.6,96.5,15.8,10099,427,1
2025-06-24,2025-06-24 23:00:00,2025-06-25 02:36:00,220.0,188.0,63.5,54.1,96.7,14.1,3654,179,1
2025-06-25,2025-06-25 23:05:00,2025-06-26 02:41:00,220.0,181.6,68.5,34.5,96.7,15.0,12339,506,1
2025-06-26,2025-06-26 22:52:00,2025-06-27 02:28:00,220.0,194.4,62.0,42.7,95.9,14.4,6326,284,1
2025-06-27,2025-06-27 23:08:00,2025-06-28 02:44:00,220.0,187.6,62.1,43.0,97.2,15.3,9919,361,1
2025-06-28,2025-06-28 23:28:00,2025-06-29 08:00:00,512.8,466.6,64.4,50.3,97.2,14.4,14780,676,4
2025-06-29,2025-06-30 01:47:00,2025-06-30 10:20:00,513.1,440.3,63.1,49.6,96.4,14.5,11172,529,2
2025-06-30,2025-06-30 23:13:00,2025-07-01 02:49:00,220.0,188.1,69.2,45.1,96.0,13.5,9328,458,2
2025-07-01,2025-07-01 22:45:00,2025-07-02 02:21:00,220.0,179.7,67.1,43.7,97.4,13.1,11111,491,1
2025-07-02,2025-07-02 23:06:00,2025-07-03 02:42:00,220.0,179.3,65.1,49.7,97.6,14.6,7861,373,1
2025-07-03,2025-07-04 00:49:00,2025-07-04 04:25:00,220.0,203.0,61.0,47.6,95.4,15.4,7917,336,2
2025-07-04,2025-07-04 23:04:00,2025-07-05 02:40:00,220.0,176.4,68.1,53.4,96.6,15.4,4740,182,1
2025-07-05,2025-07-05 23:49:00,2025-07-06 08:43:00,534.3,483.4,63.4,48.8,96.1,14.9,10743,476,4
2025-07-06,2025-07-06 23:35:00,2025-07-07 08:04:00,509.4,473.5,59.6,42.9,97.7,13.1,13120,551,4
2025-07-07,2025-07-07 23:12:00,2025-07-08 02:48:00,220.0,190.5,63.6,41.7,96.2,14.2,6302,309,1
2025-07-08,2025-07-08 22:28:00,2025-07-09 02:04:00,220.0,174.9,66.6,45.9,95.5,15.1,12929,489,1
2025-07-09,2025-07-09 23:22:00,2025-07-10 02:58:00,220.0,187.1,62.7,41.4,96.7,14.8,6345,264,1
2025-07-10,2025-07-10 23:10:00,2025-07-11 02:46:00,220.0,179.1,65.9,34.6,97.3,14.5,10336,413,1
2025-07-11,2025-07-11 23:06:00,2025-07-12 02:42:00,220.0,196.5,60.4,50.9,97.5,13.8,11566,574,1
2025-07-12,2025-07-12 23:53:00,2025-07-13 08:52:00,539.4,493.2,61.2,47.3,96.8,16.0,11677,675,4
2025-07-13,2025-07-14 00:22:00,2025-07-14 08:52:00,510.0,477.3,57.8,45.7,96.8,14.5,9902,383,4
2025-07-14,2025-07-14 23:14:00,2025-07-15 02:50:00,220.0,183.1,64.9,41.0,97.0,14.3,13260,586,1
2025-07-15,2025-07-15 22:34:00,2025-07-16 02:10:00,220.0,193.3,64.4,52.8,97.5,13.9,11363,437,1
2025-07-16,2025-07-17 01:10:00,2025-07-17 04:46:00,220.0,194.3,62.7,44.5,97.4,15.3,14516,611,2
2025-07-17,2025-07-17 22:58:00,2025-07-18 02:34:00,220.0,192.5,68.0,44.0,96.9,13.6,7549,355,2
2025-07-18,2025-07-18 23:26:00,2025-07-19 03:02:00,220.0,184.4,62.5,51.5,97.7,14.4,7474,326,1
2025-07-19,2025-07-20 00:15:00,2025-07-20 09:34:00,559.1,498.8,60.7,52.5,97.5,13.9,10386,467,3
2025-07-20,2025-07-20 23:35:00,2025-07-21 08:36:00,541.0,525.5,57.0,55.1,97.1,14.3,11696,513,4
2025-07-21,2025-07-21 23:20:00,2025-07-22 02:56:00,220.0,180.6,64.4,41.8,97.7,14.9,6815,241,1
2025-07-22,2025-07-22 22:53:00,2025-07-23 02:29:00,220.0,189.5,64.7,57.3,96.7,16.1,2868,141,1
2025-07-23,2025-07-23 23:02:00,2025-07-24 02:38:00,220.0,180.2,69.1,43.9,96.8,14.0,8246,386,1
2025-07-24,2025-07-24 23:06:00,2025-07-25 02:42:00,220.0,188.1,62.7,48.5,96.7,15.2,8721,363,1
2025-07-25,2025-07-25 22:40:00,2025-07-26 02:16:00,220.0,185.2,63.2,55.8,96.8,14.1,9806,421,1
2025-07-26,2025-07-27 00:16:00,2025-07-27 09:39:00,563.4,522.0,61.3,56.5,96.6,14.6,7128,352,4
2025-07-27,2025-07-28 00:27:00,2025-07-28 09:27:00,540.1,505.6,60.9,42.5,96.6,13.3,9814,340,4
2025-07-28,2025-07-28 23:27:00,2025-07-29 03:03:00,220.0,180.6,67.7,35.4,97.1,14.6,8411,344,1
2025-07-29,2025-07-29 23:26:00,2025-07-30 03:02:00,220.0,182.2,68.7,61.7,97.3,14.0,12532,533,1
2025-07-30,2025-07-30 22:50:00,2025-07-31 02:26:00,220.0,184.6,60.3,51.1,95.9,15.2,10078,428,1
2025-07-31,2025-07-31 23:05:00,2025-08-01 02:41:00,220.0,181.0,63.2,49.7,96.5,14.8,2863,116,1
2025-08-01,2025-08-01 23:26:00,2025-08-02 03:02:00,220.0,179.3,67.2,48.7,96.5,15.2,12486,507,1
2025-08-03,2025-08-03 23:36:00,2025-08-04 07:23:00,466.4,444.6,58.1,54.3,97.6,15.1,9964,419,4
2025-08-04,2025-08-04 23:01:00,2025-08-05 02:37:00,220.0,166.2,73.7,29.2,95.3,16.0,8497,346,1
2025-08-05,2025-08-05 22:27:00,2025-08-06 02:03:00,220.0,184.1,63.0,45.8,96.6,14.7,6241,227,1
2025-08-06,2025-08-06 22:24:00,2025-08-07 02:00:00,220.0,173.9,70.4,40.5,97.0,13.4,8454,378,1
2025-08-07,2025-08-07 22:57:00,2025-08-08 02:33:00,220.0,176.0,67.6,48.5,96.5,15.1,13539,490,1
2025-08-08,2025-08-08 23:21:00,2025-08-09 02:57:00,220.0,189.0,64.9,47.7,96.1,14.8,5153,242,1
2025-08-09,2025-08-09 23:49:00,2025-08-10 08:01:00,492.8,461.7,58.0,53.0,96.8,13.7,6102,225,4
2025-08-10,2025-08-11 00:04:00,2025-08-11 08:34:00,510.2,479.8,57.4,56.2,96.9,14.0,11651,491,4
2025-08-11,2025-08-11 22:26:00,2025-08-12 02:02:00,220.0,162.1,72.9,32.1,94.3,15.2,7711,280,1
2025-08-12,2025-08-12 22:49:00,2025-08-13 02:25:00,220.0,179.4,63.7,51.1,96.5,14.2,10574,403,1
2025-08-13,2025-08-13 23:19:00,2025-08-14 02:55:00,220.0,180.6,65.4,39.7,96.4,15.3,12141,577,1
2025-08-14,2025-08-14 23:37:00,2025-08-15 03:13:00,220.0,184.9,63.4,51.3,95.8,15.2,11027,477,2
2025-08-15,2025-08-15 23:13:00,2025-08-16 02:49:00,220.0,176.3,70.0,41.1,97.2,13.8,11680,472,1
2025-08-16,2025-08-16 23:28:00,2025-08-17 07:45:00,497.5,481.2,60.6,51.1,96.5,15.4,9164,431,4
2025-08-17,2025-08-17 23:18:00,2025-08-18 06:55:00,457.2,414.3,63.2,46.5,96.7,14.4,8110,344,3
2025-08-18,2025-08-18 22:36:00,2025-08-19 02:12:00,220.0,177.8,68.6,45.7,96.8,14.6,10213,391,1
2025-08-19,2025-08-19 22:59:00,2025-08-20 02:35:00,220.0,184.7,63.3,47.5,96.7,15.0,800,31,1
2025-08-20,2025-08-20 22:01:00,2025-08-21 01:37:00,220.0,169.9,69.7,37.8,96.8,13.9,10441,366,1
2025-08-21,2025-08-21 22:58:00,2025-08-22 02:34:00,220.0,184.2,66.2,48.1,96.6,15.4,10875,514,1
2025-08-22,2025-08-22 22:20:00,2025-08-23 01:56:00,220.0,185.0,67.3,56.5,96.0,14.5,7359,317,1
2025-08-23,2025-08-23 23:53:00,2025-08-24 07:54:00,480.6,425.9,63.6,45.1,95.4,12.9,7617,321,3
2025-08-24,2025-08-24 23:53:00,2025-08-25 06:04:00,371.8,337.7,60.7,44.1,95.5,15.1,12156,549,3
2025-08-25,2025-08-25 23:15:00,2025-08-26 02:51:00,220.0,160.1,75.0,32.3,95.2,16.3,5642,194,1
2025-08-26,2025-08-26 23:05:00,2025-08-27 02:41:00,220.0,180.3,63.7,48.5,96.8,14.3,4460,203,1
2025-08-27,2025-08-27 23:09:00,2025-08-28 02:45:00,220.0,185.1,65.8,52.1,96.8,14.0,7769,312,1
2025-08-28,2025-08-28 22:46:00,2025-08-29 02:22:00,220.0,176.9,67.0,49.3,96.7,15.0,7121,289,1
2025-08-29,2025-08-29 23:06:00,2025-08-30 02:42:00,220.0,186.6,64.9,48.6,96.5,15.3,12455,514,1
2025-08-30,2025-08-31 00:03:00,2025-08-31 07:07:00,424.3,396.9,59.0,45.9,97.5,13.1,9941,416,4
2025-08-31,2025-08-31 23:57:00,2025-09-01 10:10:00,613.7,569.2,60.8,42.5,95.9,15.6,8119,277,4
2025-09-01,2025-09-01 23:24:00,2025-09-02 03:00:00,220.0,191.0,64.4,43.8,95.0,15.7,6646,281,1
2025-09-02,2025-09-02 22:26:00,2025-09-03 02:02:00,220.0,186.9,66.4,46.8,95.9,14.1,12009,540,1
2025-09-03,2025-09-03 23:23:00,2025-09-04 02:59:00,220.0,190.5,60.5,44.0,97.2,14.7,5425,219,1
2025-09-04,2025-09-04 23:07:00,2025-09-05 02:43:00,220.0,184.8,65.2,52.1,96.5,14.3,9687,441,1
2025-09-05,2025-09-06 01:04:00,2025-09-06 04:40:00,220.0,182.6,67.1,47.8,96.4,15.0,6986,301,2
2025-09-06,2025-09-07 00:03:00,2025-09-07 08:52:00,529.1,493.4,63.5,46.6,96.9,14.8,8500,318,4
2025-09-07,2025-09-07 23:49:00,2025-09-08 07:19:00,450.3,405.5,63.2,40.8,96.8,14.3,6086,272,4
2025-09-08,2025-09-08 22:57:00,2025-09-09 02:33:00,220.0,179.6,69.1,39.8,96.2,14.1,10550,484,1
2025-09-10,2025-09-10 22:11:00,2025-09-11 01:47:00,220.0,180.3,64.8,41.7,96.7,13.4,9020,455,1
2025-09-11,2025-09-11 23:15:00,2025-09-12 02:51:00,220.0,193.4,65.6,41.6,96.6,13.8,12476,448,1
2025-09-12,2025-09-13 00:16:00,2025-09-13 03:52:00,220.0,189.4,64.0,49.5,96.3,15.0,11965,506,2
2025-09-13,2025-09-13 23:39:00,2025-09-14 08:28:00,529.5,500.7,59.7,45.1,95.7,14.7,15066,620,5
2025-09-14,2025-09-14 22:37:00,2025-09-15 06:23:00,466.4,412.7,63.6,46.3,96.0,13.8,13209,501,3
2025-09-15,2025-09-15 22:39:00,2025-09-16 02:15:00,220.0,187.4,61.7,47.0,96.5,14.5,6920,300,1
2025-09-16,2025-09-16 22:54:00,2025-09-17 02:30:00,220.0,187.2,62.8,48.4,96.1,13.8,11178,435,1
2025-09-17,2025-09-17 23:12:00,2025-09-18 02:48:00,220.0,184.6,63.8,49.5,97.2,15.8,11418,442,1
2025-09-18,2025-09-18 23:15:00,2025-09-19 02:51:00,220.0,186.8,62.7,46.1,97.4,14.4,9883,441,1
2025-09-19,2025-09-19 22:54:00,2025-09-20 02:30:00,220.0,189.9,64.8,46.7,97.8,14.7,7521,299,1
2025-09-20,2025-09-21 00:01:00,2025-09-21 08:35:00,513.6,480.4,58.7,59.9,96.1,15.3,11076,449,4
2025-09-21,2025-09-21 23:59:00,2025-09-22 09:16:00,557.5,545.0,57.3,39.8,96.6,15.3,14315,589,5
2025-09-22,2025-09-22 23:11:00,2025-09-23 02:47:00,220.0,193.8,62.9,48.8,96.3,15.3,9417,391,1
2025-09-23,2025-09-23 23:09:00,2025-09-24 02:45:00,220.0,178.4,66.0,50.0,97.0,13.4,10019,377,1
2025-09-24,2025-09-24 22:59:00,2025-09-25 02:35:00,220.0,190.9,61.9,56.0,96.3,13.5,8340,317,2
2025-09-25,2025-09-25 22:20:00,2025-09-26 01:56:00,220.0,172.0,66.8,47.8,96.3,15.9,15539,541,1
2025-09-26,2025-09-26 22:29:00,2025-09-27 02:05:00,220.0,184.3,61.7,51.8,97.5,13.7,7976,258,1
2025-09-27,2025-09-28 01:38:00,2025-09-28 10:56:00,558.7,475.1,62.1,50.5,97.0,14.5,11995,557,3
2025-09-28,2025-09-28 23:37:00,2025-09-29 09:42:00,604.6,572.0,62.6,41.4,96.0,14.0,5220,195,4
2025-09-29,2025-09-29 22:13:00,2025-09-30 01:49:00,220.0,185.2,68.1,47.6,96.9,13.9,16920,694,1
2025-09-30,2025-09-30 23:03:00,2025-10-01 02:39:00,220.0,179.3,66.9,49.5,96.8,15.1,7190,293,1
2025-10-01,2025-10-01 21:57:00,2025-10-02 01:33:00,220.0,179.1,67.4,47.2,96.4,13.9,9360,410,1
2025-10-02,2025-10-02 22:42:00,2025-10-03 02:18:00,220.0,176.8,66.0,44.2,97.0,14.5,10194,472,1
2025-10-03,2025-10-03 22:40:00,2025-10-04 02:16:00,220.0,181.5,64.1,56.3,96.3,16.4,5752,241,1
2025-10-04,2025-10-04 23:42:00,2025-10-05 09:08:00,566.5,518.9,64.7,43.3,96.5,15.7,15009,643,4
2025-10-05,2025-10-06 01:56:00,2025-10-06 09:28:00,452.8,410.2,60.7,44.7,97.6,14.4,9585,434,3
2025-10-06,2025-10-06 22:51:00,2025-10-07 02:27:00,220.0,181.8,65.9,51.5,97.7,15.0,7461,329,1
2025-10-07,2025-10-07 22:35:00,2025-10-08 02:11:00,220.0,194.6,64.1,42.3,96.7,14.2,14406,615,1
2025-10-08,2025-10-08 22:31:00,2025-10-09 02:07:00,220.0,186.8,61.7,57.0,97.8,14.7,4952,194,1
2025-10-09,2025-10-09 23:06:00,2025-10-10 02:42:00,220.0,188.8,64.1,42.8,96.8,16.3,6627,237,1
2025-10-10,2025-10-10 23:10:00,2025-10-11 02:46:00,220.0,176.8,67.8,45.8,96.0,15.2,7339,291,1
2025-10-12,2025-10-12 23:29:00,2025-10-13 07:08:00,458.3,393.9,65.2,43.2,96.3,14.3,9909,363,3
2025-10-13,2025-10-13 22:48:00,2025-10-14 02:24:00,220.0,186.3,64.1,46.0,96.9,16.0,4202,192,1
2025-10-14,2025-10-14 22:18:00,2025-10-15 01:54:00,220.0,165.9,71.1,44.3,95.8,13.5,15534,586,1
2025-10-15,2025-10-16 00:34:00,2025-10-16 04:10:00,220.0,194.8,64.2,47.9,96.8,15.4,5847,306,2
2025-10-16,2025-10-16 22:04:00,2025-10-17 01:40:00,220.0,188.0,62.4,46.2,96.2,14.1,2631,136,1
2025-10-17,2025-10-17 22:16:00,2025-10-18 01:52:00,220.0,174.8,64.8,43.1,96.6,14.9,10834,448,1
2025-10-18,2025-10-18 23:02:00,2025-10-19 07:12:00,490.5,466.0,57.9,51.1,97.6,15.8,11390,497,4
2025-10-19,2025-10-19 22:49:00,2025-10-20 08:15:00,566.0,542.6,56.5,60.9,96.9,14.8,15282,635,5
2025-10-20,2025-10-20 22:22:00,2025-10-21 01:58:00,220.0,187.7,62.2,45.7,96.8,14.9,5597,235,1
2025-10-21,2025-10-21 21:08:00,2025-10-22 00:44:00,220.0,176.4,67.9,43.2,96.6,15.3,8332,326,1
2025-10-22,2025-10-22 22:17:00,2025-10-23 01:53:00,220.0,174.5,68.9,36.2,96.3,13.6,9089,315,1
2025-10-23,2025-10-23 22:56:00,2025-10-24 02:32:00,220.0,196.2,61.8,50.8,97.3,13.2,9060,370,1
2025-10-24,2025-10-24 23:41:00,2025-10-25 03:17:00,220.0,189.9,62.9,56.2,98.2,15.2,17987,770,1
2025-10-25,2025-10-26 00:16:00,2025-10-26 07:55:00,459.3,428.3,57.9,54.8,96.9,15.3,11550,379,4
2025-10-26,2025-10-26 23:18:00,2025-10-27 07:11:00,473.2,411.9,64.2,48.1,97.3,14.6,15413,711,3
2025-10-27,2025-10-27 21:49:00,2025-10-28 01:25:00,220.0,176.9,65.0,48.3,96.1,15.3,13772,518,1
2025-10-28,2025-10-28 22:49:00,2025-10-29 02:25:00,220.0,177.7,68.8,46.3,97.4,15.1,8497,294,1
2025-10-29,2025-10-29 22:37:00,2025-10-30 02:13:00,220.0,187.4,61.4,55.5,97.4,14.7,7875,409,1
2025-10-30,2025-10-30 22:42:00,2025-10-31 02:18:00,220.0,185.9,65.5,45.2,96.8,13.9,6007,264,1
2025-10-31,2025-10-31 22:10:00,2025-11-01 01:46:00,220.0,171.6,69.6,48.5,96.3,14.8,5425,244,1
2025-11-01,2025-11-02 01:36:00,2025-11-02 11:45:00,608.5,514.9,69.3,50.9,97.3,16.0,13982,517,3
2025-11-02,2025-11-02 23:44:00,2025-11-03 07:46:00,481.5,458.8,60.1,53.2,96.2,15.7,3647,150,4
2025-11-03,2025-11-03 22:32:00,2025-11-04 02:08:00,220.0,178.4,67.3,39.7,96.6,14.5,11260,444,1
2025-11-04,2025-11-04 23:02:00,2025-11-05 02:38:00,220.0,189.1,63.2,52.7,96.3,14.6,7630,328,1
2025-11-05,2025-11-05 22:33:00,2025-11-06 02:09:00,220.0,180.1,67.3,45.5,96.9,15.4,7274,256,1
2025-11-06,2025-11-06 21:30:00,2025-11-07 01:06:00,220.0,177.5,66.6,48.3,95.5,15.8,11187,540,1
2025-11-07,2025-11-07 21:43:00,2025-11-08 01:19:00,220.0,176.4,68.4,47.4,96.1,15.5,8408,345,1
2025-11-08,2025-11-09 01:03:00,2025-11-09 10:09:00,545.4,466.2,64.8,49.4,96.1,14.7,8539,353,3
2025-11-09,2025-11-09 23:39:00,2025-11-10 07:42:00,483.5,445.6,63.7,56.9,97.0,14.2,12295,497,4
2025-11-10,2025-11-10 22:21:00,2025-11-11 01:57:00,220.0,179.7,66.5,46.7,96.0,14.7,12799,550,1
2025-11-11,2025-11-11 22:11:00,2025-11-12 01:47:00,220.0,188.5,62.5,41.3,95.9,13.7,7081,307,1
2025-11-12,2025-11-12 22:47:00,2025-11-13 02:23:00,220.0,175.6,67.4,48.2,96.0,14.5,6114,231,1
2025-11-13,2025-11-13 22:43:00,2025-11-14 02:19:00,220.0,172.4,65.8,42.4,96.7,15.0,6816,306,1
2025-11-14,2025-11-14 22:24:00,2025-11-15 02:00:00,220.0,181.4,66.9,47.0,95.8,13.8,2538,90,1
2025-11-15,2025-11-15 23:06:00,2025-11-16 06:52:00,466.3,413.0,62.0,47.4,96.0,14.0,11863,459,3
2025-11-16,2025-11-16 23:54:00,2025-11-17 07:44:00,469.8,422.8,60.9,49.8,96.0,13.4,7035,345,3
2025-11-17,2025-11-17 23:00:00,2025-11-18 02:36:00,220.0,191.2,65.6,53.5,95.6,14.0,7202,271,1
2025-11-18,2025-11-18 22:11:00,2025-11-19 01:47:00,220.0,183.6,67.2,46.3,96.8,14.7,12034,428,1
2025-11-19,2025-11-19 21:45:00,2025-11-20 01:21:00,220.0,180.6,66.0,43.5,97.0,13.3,11400,541,1
2025-11-20,2025-11-20 22:23:00,2025-11-21 01:59:00,220.0,173.5,67.3,45.0,96.8,15.3,6990,263,1
2025-11-21,2025-11-21 22:30:00,2025-11-22 02:06:00,220.0,148.6,78.6,25.0,96.1,14.7,6160,331,1
2025-11-22,2025-11-23 01:47:00,2025-11-23 09:40:00,473.0,426.7,60.6,52.2,97.5,14.2,19358,686,3
2025-11-23,2025-11-23 23:09:00,2025-11-24 06:13:00,423.6,417.3,51.9,44.8,97.3,15.6,12738,643,4
2025-11-24,2025-11-24 22:38:00,2025-11-25 02:14:00,220.0,199.1,59.1,45.7,96.1,15.8,7474,343,2
2025-11-25,2025-11-25 22:09:00,2025-11-26 01:45:00,220.0,167.8,67.7,52.6,96.7,14.4,5558,199,1
2025-11-26,2025-11-26 22:03:00,2025-11-27 01:39:00,220.0,167.9,67.4,51.8,96.3,14.7,6761,323,1
2025-11-27,2025-11-28 00:30:00,2025-11-28 04:06:00,220.0,181.4,65.5,29.6,95.8,14.3,6739,308,2
